location,avg_temperature,avg_humidity
BuildingB_Floor2,25.62941176470588,54.86227450980389
BuildingA_Floor2,25.167420634920628,54.56666666666664
BuildingB_Floor1,25.048937007874027,53.08708661417324
BuildingA_Floor1,25.0410878661088,52.74305439330543
